method,n_components,algorithm,k,silhouette,dunn,wcss,ari,nmi,time
PCA_full,2,PCA_full,2,0.4241859740675103,0.005153722911400699,4135.464468022982,0.15287668957498496,0.23472391610326415,0.03910994529724121
PCA_full,2,PCA_full,3,0.42325223749629026,0.004313069438337585,3064.5050338427804,0.14726824109975326,0.26395689235724773,0.042618513107299805
PCA_full,2,PCA_full,4,0.38774807174713155,0.005533237721595769,2283.49012158639,0.14129083748740695,0.28950640611090295,0.03958439826965332
PCA_full,2,PCA_full,5,0.3878203353310498,0.011591834314896503,1695.4963155536968,0.11485342686954528,0.2968037840439089,0.043694496154785156
PCA_full,2,PCA_full,6,0.39273428183375664,0.008450437888626048,1426.5961562692648,0.1532863862297988,0.3468596482594622,0.04353046417236328
PCA_full,2,PCA_full,7,0.3901765420349743,0.010427551759806196,1203.7296020595227,0.15185511659588108,0.3871823866013779,0.04942059516906738
PCA_full,2,PCA_full,8,0.3964699083231244,0.009242797156480544,1025.1572263352916,0.14450936473527135,0.3705553278636818,0.059136390686035156
PCA_full,3,PCA_full,2,0.3550981278268591,0.014769891233956388,6146.344970237891,0.17245574330670627,0.27633906035918265,0.026482582092285156
PCA_full,3,PCA_full,3,0.3112609066553006,0.009088834604851685,4781.055683664831,0.3268760907504363,0.4727060896998466,0.027133464813232422
PCA_full,3,PCA_full,4,0.3474458491132061,0.012915320757722316,3726.6269336334985,0.2642879175590958,0.3970439519425069,0.04666399955749512
PCA_full,3,PCA_full,5,0.3276940246253262,0.012907563059094011,3123.550820020407,0.2222692180767747,0.37695569877501983,0.037743330001831055
PCA_full,3,PCA_full,6,0.3317714957264813,0.01412481723563572,2651.0030839935216,0.18641023722218064,0.3959065628473333,0.041359901428222656
PCA_full,3,PCA_full,7,0.3280207545394756,0.017646628412113837,2311.578202174509,0.24495635761845988,0.4879599547196788,0.043813467025756836
PCA_full,3,PCA_full,8,0.32620367924502075,0.017066069317800397,2105.692070380631,0.24922823626260548,0.48843817401971085,0.05033612251281738
PCA_full,4,PCA_full,2,0.31326631212481043,0.015346931140749243,7985.661907603112,0.18293789086742732,0.2881399823980693,0.02806878089904785
PCA_full,4,PCA_full,3,0.25869862380432246,0.007921238674410542,6606.767106222352,0.3191425841891569,0.44871197344427066,0.03142833709716797
PCA_full,4,PCA_full,4,0.296534055170605,0.009525436188803795,5460.155986281788,0.29865291545382083,0.45456149297727744,0.03720402717590332
PCA_full,4,PCA_full,5,0.2703032242090789,0.009931123288452935,4809.347111378361,0.19882436596349845,0.3791522499407105,0.040398597717285156
PCA_full,4,PCA_full,6,0.2783311660457824,0.01863177239897632,4326.11493222765,0.20220031521369636,0.4130055174908137,0.03591609001159668
PCA_full,4,PCA_full,7,0.29982994856983386,0.013140848077811528,3894.57942344623,0.2555749995986321,0.48523834297005514,0.041220664978027344
PCA_full,4,PCA_full,8,0.29514637205953653,0.011474851800788125,3521.9889682462262,0.28178543777560844,0.5113179951294269,0.041319847106933594
PCA_full,5,PCA_full,2,0.2902892040165714,0.01801700085441492,9710.698035279736,0.18293789086742732,0.28813998239806937,0.021140336990356445
PCA_full,5,PCA_full,3,0.25611491389220614,0.01922051966414204,8309.317289947105,0.28080425285541344,0.4393859132685782,0.03634166717529297
PCA_full,5,PCA_full,4,0.260023017722686,0.007309615455051462,7155.538075496428,0.29196523043542316,0.452182013865315,0.029736042022705078
PCA_full,5,PCA_full,5,0.27005662768300376,0.009051895382268605,6181.249663906485,0.29865291545382083,0.45456149297727744,0.026987552642822266
PCA_full,5,PCA_full,6,0.2642989770973356,0.02709688564533418,5391.347809867289,0.21464682528348233,0.4057623930229057,0.034964799880981445
PCA_full,5,PCA_full,7,0.2700537304689753,0.028384051868613418,4901.620700082761,0.21893566322478158,0.42769224041129517,0.0376582145690918
PCA_full,5,PCA_full,8,0.28226477267040284,0.020317404080378243,4453.3839036027775,0.27980121331512614,0.5074396912752127,0.040520668029785156
PCA_full,6,PCA_full,2,0.26801820099911255,0.019474445398443705,10989.256987022894,0.19850435187090196,0.30314614342986157,0.018045425415039062
PCA_full,6,PCA_full,3,0.22485052165392413,0.008255075755247431,9588.636570407096,0.28080425285541344,0.4393859132685782,0.03134751319885254
PCA_full,6,PCA_full,4,0.2322189143672595,0.007300646742769693,8418.381541901526,0.29196523043542316,0.452182013865315,0.029445648193359375
PCA_full,6,PCA_full,5,0.24178847243788754,0.01007350197182392,7400.430826246138,0.29865291545382083,0.45456149297727744,0.030805587768554688
PCA_full,6,PCA_full,6,0.2428066677963587,0.01007350197182392,6554.947274084955,0.2476762399524691,0.4323498211992849,0.03638315200805664
PCA_full,6,PCA_full,7,0.2618147643577948,0.01007350197182392,5897.971057155283,0.26033840929976587,0.47399776298193097,0.03859591484069824
PCA_full,6,PCA_full,8,0.29216772407793334,0.011040688331893084,5310.352626350306,0.2224125639743358,0.43469151758496705,0.036208391189575195
PCA_full,7,PCA_full,2,0.25351478489039436,0.018113870110933763,12218.099495107428,0.19850435187090196,0.30314614342986157,0.017564773559570312
PCA_full,7,PCA_full,3,0.19640196971374477,0.008404232555271517,10820.253226614948,0.3381721688909701,0.4681994241443141,0.033063411712646484
PCA_full,7,PCA_full,4,0.21444699600856187,0.007589391663079396,9612.081648345182,0.260103436023635,0.41185177526481626,0.02663731575012207
PCA_full,7,PCA_full,5,0.22295192217633542,0.008329934675359538,8522.391518149594,0.26752664542357985,0.4115140637970242,0.028905868530273438
PCA_full,7,PCA_full,6,0.23359952558201472,0.009685811029777149,7689.867937669448,0.20637732506643047,0.37415301970027814,0.027837514877319336
PCA_full,7,PCA_full,7,0.24066857472579495,0.009918881196457474,7000.8178017155515,0.20818426659163083,0.4273119503898353,0.03161501884460449
PCA_full,7,PCA_full,8,0.26978888706124926,0.00979919193972972,6386.992393153083,0.18641023722218064,0.4068739550648247,0.03902435302734375
PCA_full,8,PCA_full,2,0.24806736427195095,0.017097700359863053,13319.471964369211,0.18293789086742732,0.28813998239806937,0.024832963943481445
PCA_full,8,PCA_full,3,0.1707539779434435,0.007894195687875208,11926.681657787487,0.3191425841891569,0.44871197344427066,0.030784130096435547
PCA_full,8,PCA_full,4,0.20025940075197612,0.00742850555501957,10707.003538432424,0.26752664542357985,0.41151406379702427,0.027901649475097656
PCA_full,8,PCA_full,5,0.21063037956041172,0.00792037321293236,9597.253617137836,0.2822942533787496,0.42648515168453416,0.03152728080749512
PCA_full,8,PCA_full,6,0.22109741987629883,0.008969846190560205,8736.733394602023,0.20637732506643047,0.3741530197002781,0.029441356658935547
PCA_full,8,PCA_full,7,0.22416316224051158,0.02272304736587342,7902.156871594079,0.2187121848440414,0.40449618739732474,0.03693842887878418
PCA_full,8,PCA_full,8,0.24211589910933315,0.02218360890744458,7374.161810499164,0.24660040017380203,0.4364198741241448,0.04701662063598633
PCA_full,9,PCA_full,2,0.24238360081471186,0.01703746368223594,14265.709401616745,0.18293789086742732,0.28813998239806937,0.01812887191772461
PCA_full,9,PCA_full,3,0.1968651605430997,0.021478603709827772,12843.21494312741,0.28080425285541344,0.4393859132685782,0.025777339935302734
PCA_full,9,PCA_full,4,0.19218837515937057,0.0074143278733441245,11645.591427372676,0.2822942533787496,0.42648515168453416,0.026639938354492188
PCA_full,9,PCA_full,5,0.20319243873106188,0.016893234656812764,10551.786918974789,0.2690059702866323,0.44069686696545146,0.03278803825378418
PCA_full,9,PCA_full,6,0.1948451580582075,0.008110633832396116,9658.306028675246,0.20523098846875318,0.401326199626216,0.030866384506225586
PCA_full,9,PCA_full,7,0.2250515781606371,0.00803996149581052,8922.010743190938,0.16965194536864014,0.3857004730206304,0.03793907165527344
PCA_full,9,PCA_full,8,0.23256241807110573,0.008110633832396116,8139.141507490085,0.18576363446037894,0.40122690012902135,0.031891584396362305
PCA_full,10,PCA_full,2,0.2344904945972037,0.016044723220830077,15113.414354699822,0.18293789086742732,0.28813998239806937,0.016530513763427734
PCA_full,10,PCA_full,3,0.1821970309307352,0.021812205571666674,13688.473493533165,0.27137217748302545,0.42473529867605336,0.01968097686767578
PCA_full,10,PCA_full,4,0.18323005946821877,0.007363145186551527,12486.473279390306,0.2822942533787496,0.42648515168453416,0.02369093894958496
PCA_full,10,PCA_full,5,0.19451292217898594,0.01580086284255284,11394.799175604516,0.26226777380755584,0.43834123470501124,0.02816033363342285
PCA_full,10,PCA_full,6,0.19703733366277112,0.007808152933563226,10510.539041722697,0.20637732506643047,0.37415301970027814,0.05670452117919922
PCA_full,10,PCA_full,7,0.2242807451852112,0.0061741786527272705,9627.49441779837,0.20472999309661452,0.37099685682698647,0.06374931335449219
PCA_full,10,PCA_full,8,0.217506867961709,0.018170807736888613,8985.202873390372,0.16534943058062107,0.3546413492381887,0.048274993896484375
PCA_full,11,PCA_full,2,0.22662847811712594,0.022542566501601403,15847.42785589864,0.18293789086742732,0.28813998239806937,0.02769303321838379
PCA_full,11,PCA_full,3,0.17257018217086573,0.007468580085741432,14420.900658534914,0.27137217748302545,0.4247352986760535,0.02628779411315918
PCA_full,11,PCA_full,4,0.17267437566560873,0.007351617419265924,13218.713162946688,0.260103436023635,0.41185177526481626,0.027776241302490234
PCA_full,11,PCA_full,5,0.18216788983964058,0.01575588590830699,12096.595272268905,0.26226777380755584,0.43834123470501124,0.028318166732788086
PCA_full,11,PCA_full,6,0.19151574039932276,0.006656713391416699,11158.767268654174,0.26752664542357985,0.41151406379702427,0.03946709632873535
PCA_full,11,PCA_full,7,0.18768489561401455,0.016047139058241025,10478.063301929174,0.21030654754737882,0.4024688828819917,0.03535890579223633
PCA_full,11,PCA_full,8,0.19872609063928312,0.0188813356145333,9669.59671281548,0.2863271738328397,0.47530262256714845,0.04312562942504883
PCA_full,12,PCA_full,2,0.21725031621640897,0.022622477555747377,16551.983429565124,0.19850435187090196,0.30314614342986157,0.020860910415649414
PCA_full,12,PCA_full,3,0.17446312787102825,0.025455722806244623,15101.629161368739,0.2621998450813323,0.41602535764458426,0.024197101593017578
PCA_full,12,PCA_full,4,0.17742397613615749,0.017248666845602518,13915.23321492042,0.25275903746841005,0.40170674460513117,0.026700258255004883
PCA_full,12,PCA_full,5,0.18002613505290338,0.017993598338077878,12739.554146667797,0.2653071683286712,0.43422923919819556,0.03220820426940918
PCA_full,12,PCA_full,6,0.16883396637957626,0.02140768976788886,11813.50222030891,0.20523098846875318,0.401326199626216,0.030992507934570312
PCA_full,12,PCA_full,7,0.18226807710288806,0.02140768976788886,10939.71623376991,0.21376484577584848,0.40334379727612385,0.029522180557250977
PCA_full,12,PCA_full,8,0.20886454635696722,0.020853284812303058,10204.124300038224,0.18974422801667806,0.3865602052948526,0.03633403778076172
PCA_full,13,PCA_full,2,0.2136033178445154,0.022975342826141158,17151.12789602242,0.18293789086742732,0.28813998239806937,0.013273477554321289
PCA_full,13,PCA_full,3,0.1722504172239089,0.02662461993420863,15689.308835400356,0.23513525071465932,0.39023931586788657,0.020595312118530273
PCA_full,13,PCA_full,4,0.1829484261372618,0.020508755037658987,14495.004121742588,0.2322317790855591,0.3926130792888557,0.031696319580078125
PCA_full,13,PCA_full,5,0.15647435189419848,0.021058884629066712,13570.08966803067,0.21030654754737882,0.40246888288199184,0.023790597915649414
PCA_full,13,PCA_full,6,0.17691079663199863,0.023566829942072494,12365.203225656307,0.25275903746841005,0.40170674460513117,0.029748916625976562
PCA_full,13,PCA_full,7,0.17908144271062726,0.02163801331649756,11512.623705628728,0.21582521405373487,0.3797400002524368,0.043253183364868164
PCA_full,13,PCA_full,8,0.19222044159700902,0.026786646385925542,10719.644229567692,0.1854503260830152,0.3906065255026265,0.0906524658203125
PCA_full,14,PCA_full,2,0.206505540221661,0.015015645454166086,17599.193800437366,0.19850435187090196,0.30314614342986157,0.029061079025268555
PCA_full,14,PCA_full,3,0.1686791501657081,0.026598123336157554,16134.942663334172,0.23513525071465932,0.39023931586788657,0.040709733963012695
PCA_full,14,PCA_full,4,0.15453915480984262,0.01663069103733684,14938.398868994565,0.25275903746841005,0.40170674460513117,0.0430452823638916
PCA_full,14,PCA_full,5,0.17289671138202717,0.018778714182087555,13750.773147005882,0.2322317790855591,0.3926130792888557,0.04046273231506348
PCA_full,14,PCA_full,6,0.15481845285623766,0.018900764291475157,12826.005610041226,0.19754075168210092,0.38977919488932083,0.04029393196105957
PCA_full,14,PCA_full,7,0.18762552796202953,0.012088900178044372,12136.612482077862,0.2220071882775781,0.39379523294132945,0.04071164131164551
PCA_full,14,PCA_full,8,0.1915980872670003,0.02501620452328213,11236.51000351426,0.2220071882775781,0.39379523294132934,0.047966957092285156
PCA_full,15,PCA_full,2,0.20179312962819915,0.015488098254380994,18034.67735679592,0.20308538370888835,0.31648943994931755,0.03917956352233887
PCA_full,15,PCA_full,3,0.16320303474375825,0.025767685338861795,16571.18085106223,0.25670041691483025,0.4097041872085896,0.039373159408569336
PCA_full,15,PCA_full,4,0.151856918492977,0.024863789878896796,15356.250132374693,0.25275903746841005,0.40170674460513117,0.04317831993103027
PCA_full,15,PCA_full,5,0.15567537995437722,0.024863789878896796,14166.490630756569,0.25715564094803195,0.399146656644012,0.04615020751953125
PCA_full,15,PCA_full,6,0.16770418015515046,0.024863789878896796,13219.600965373143,0.25275903746841005,0.40170674460513117,0.03270912170410156
PCA_full,15,PCA_full,7,0.17382019573578006,0.022813554748191422,12521.921741048673,0.23454623889408605,0.4274884223092107,0.0378270149230957
PCA_full,15,PCA_full,8,0.17027158617890972,0.019025576274166876,11687.007519885565,0.24740270055599684,0.4376134274105623,0.03871726989746094
PCA_randomized,2,PCA_randomized,2,0.42418616038165163,0.005152918437722159,4135.464273771815,0.15287668957498496,0.23472391610326415,0.02374744415283203
PCA_randomized,2,PCA_randomized,3,0.42325283244912126,0.004313008619953419,3064.5022628800375,0.14726824109975326,0.26395689235724773,0.030219316482543945
PCA_randomized,2,PCA_randomized,4,0.38774855237953537,0.005532050869211737,2283.485902048673,0.14129083748740695,0.28950640611090295,0.030782222747802734
PCA_randomized,2,PCA_randomized,5,0.38782051587712324,0.011591296362103801,1695.4938287545328,0.11485342686954528,0.2968037840439089,0.03630948066711426
PCA_randomized,2,PCA_randomized,6,0.3927341920787729,0.008446478528494684,1426.594584606137,0.1532863862297988,0.3468596482594622,0.05641651153564453
PCA_randomized,2,PCA_randomized,7,0.39017628538217414,0.010427481489665127,1203.7279812789852,0.15185511659588108,0.3871823866013779,0.05192828178405762
PCA_randomized,2,PCA_randomized,8,0.39646965465507394,0.009242723929066474,1025.1558746659093,0.14450936473527135,0.3705553278636818,0.04030418395996094
PCA_randomized,3,PCA_randomized,2,0.3551164590204706,0.01464531621670642,6146.301275051921,0.17245574330670627,0.27633906035918265,0.023482322692871094
PCA_randomized,3,PCA_randomized,3,0.30989551015323785,0.013053020388281447,4780.006194922922,0.3191425841891569,0.44871197344427066,0.020975589752197266
PCA_randomized,3,PCA_randomized,4,0.34970010115570366,0.011587079676939754,3724.241176951645,0.20051196371586014,0.3497215712338962,0.03294038772583008
PCA_randomized,3,PCA_randomized,5,0.32797161635542166,0.012892138565675585,3120.778894308639,0.2222692180767747,0.37695569877501983,0.04706096649169922
PCA_randomized,3,PCA_randomized,6,0.3325129599645353,0.01447640874983473,2646.953294393396,0.18641023722218064,0.3959065628473332,0.049166202545166016
PCA_randomized,3,PCA_randomized,7,0.32885825629764887,0.01780704201939733,2308.5296472439036,0.24495635761845988,0.4879599547196786,0.04361724853515625
PCA_randomized,3,PCA_randomized,8,0.3268479313404291,0.02161597799192668,2102.7983454508544,0.23935087709009015,0.4725609957904881,0.040787458419799805
PCA_randomized,4,PCA_randomized,2,0.3132691912764563,0.015350208132291359,7985.635344487213,0.18293789086742732,0.2881399823980693,0.01880049705505371
PCA_randomized,4,PCA_randomized,3,0.2587104578875629,0.007917751267373613,6606.772167064004,0.3191425841891569,0.44871197344427066,0.02808833122253418
PCA_randomized,4,PCA_randomized,4,0.2965338923886347,0.009519689709759496,5460.306003046037,0.29865291545382083,0.45456149297727744,0.029569149017333984
PCA_randomized,4,PCA_randomized,5,0.27010893336968833,0.016851332826315214,4809.436473412894,0.19882436596349845,0.3791522499407103,0.030716419219970703
PCA_randomized,4,PCA_randomized,6,0.2784669961567034,0.01861596815252637,4325.399920399988,0.20220031521369636,0.4130055174908137,0.0337529182434082
PCA_randomized,4,PCA_randomized,7,0.30167873233029324,0.013096816169489775,3894.0690369180375,0.2555749995986321,0.4852383429700552,0.035695791244506836
PCA_randomized,4,PCA_randomized,8,0.29510427463224714,0.01143058095843588,3522.6851207411305,0.28178543777560844,0.5113179951294269,0.03618288040161133
PCA_randomized,5,PCA_randomized,2,0.2902812622493825,0.01800559474026807,9710.689945842727,0.18293789086742732,0.28813998239806937,0.020334959030151367
PCA_randomized,5,PCA_randomized,3,0.2561044761704589,0.019211415985093412,8309.38744036384,0.28080425285541344,0.4393859132685782,0.0272524356842041
PCA_randomized,5,PCA_randomized,4,0.2583252917702948,0.007280833737241494,7155.826368406682,0.32164377226256596,0.4729510030364861,0.029897212982177734
PCA_randomized,5,PCA_randomized,5,0.2700082155739194,0.009040294594991042,6181.864114929915,0.29865291545382083,0.45456149297727744,0.029639720916748047
PCA_randomized,5,PCA_randomized,6,0.2642896380899187,0.027100561253327923,5391.824677178973,0.21464682528348233,0.4057623930229057,0.03632330894470215
PCA_randomized,5,PCA_randomized,7,0.26866765842498125,0.028524256357074302,4903.545011103834,0.21893566322478158,0.42769224041129517,0.038509368896484375
PCA_randomized,5,PCA_randomized,8,0.2822673964551162,0.020319012790202887,4453.774178469723,0.27980121331512614,0.5074396912752127,0.0707864761352539
PCA_randomized,6,PCA_randomized,2,0.268013671404113,0.01951201925652275,10989.26911647745,0.19850435187090196,0.30314614342986157,0.023663043975830078
PCA_randomized,6,PCA_randomized,3,0.22484015955902933,0.008252433439102789,9588.607307688413,0.28080425285541344,0.4393859132685782,0.03277277946472168
PCA_randomized,6,PCA_randomized,4,0.233563900210293,0.00729842008870366,8419.7230557798,0.29196523043542316,0.452182013865315,0.03688693046569824
PCA_randomized,6,PCA_randomized,5,0.24177825817384335,0.010070171898987772,7400.752690032075,0.29865291545382083,0.45456149297727744,0.03582000732421875
PCA_randomized,6,PCA_randomized,6,0.24280040276467377,0.010070171898987772,6555.211954303462,0.2476762399524691,0.4323498211992849,0.04167461395263672
PCA_randomized,6,PCA_randomized,7,0.26181907184199366,0.010070171898987772,5897.910850265768,0.26033840929976587,0.47399776298193097,0.04572868347167969
PCA_randomized,6,PCA_randomized,8,0.2921691130691772,0.011036929390882607,5310.303078799696,0.2224125639743358,0.43469151758496705,0.05042123794555664
PCA_randomized,7,PCA_randomized,2,0.2535260713042356,0.018127140976139808,12218.090261511776,0.19850435187090196,0.30314614342986157,0.0253448486328125
PCA_randomized,7,PCA_randomized,3,0.22122944660786575,0.021914310293776145,10801.582475882407,0.25670041691483025,0.41669566422713217,0.030084848403930664
PCA_randomized,7,PCA_randomized,4,0.2144696963918399,0.007590299428081938,9611.821508979803,0.260103436023635,0.41185177526481626,0.0377500057220459
PCA_randomized,7,PCA_randomized,5,0.2229730805573439,0.00832995324676275,8522.137922172187,0.26752664542357985,0.4115140637970242,0.026736974716186523
PCA_randomized,7,PCA_randomized,6,0.23368740941822716,0.009686629181604633,7689.530704201239,0.20637732506643047,0.37415301970027814,0.038874149322509766
PCA_randomized,7,PCA_randomized,7,0.24059619111187047,0.009918775828027429,7000.383549249146,0.20818426659163083,0.4273119503898353,0.04510641098022461
PCA_randomized,7,PCA_randomized,8,0.27176335935757334,0.009686629181604633,6413.591788596808,0.18641023722218064,0.4068739550648247,0.039023399353027344
PCA_randomized,8,PCA_randomized,2,0.2480602318902777,0.01707468831868681,13319.45121299801,0.18293789086742732,0.28813998239806937,0.020435571670532227
PCA_randomized,8,PCA_randomized,3,0.17076351648984198,0.007899298165468862,11926.70511438738,0.3191425841891569,0.44871197344427066,0.02491927146911621
PCA_randomized,8,PCA_randomized,4,0.20029741559762795,0.007432510104668092,10706.461568632609,0.26752664542357985,0.41151406379702427,0.028665781021118164
PCA_randomized,8,PCA_randomized,5,0.2106620170305757,0.007925349969078415,9596.665445059205,0.2822942533787496,0.42648515168453416,0.031821489334106445
PCA_randomized,8,PCA_randomized,6,0.22112527957203976,0.00897508141888032,8736.092092227198,0.20637732506643047,0.3741530197002781,0.014831066131591797
PCA_randomized,8,PCA_randomized,7,0.22416752311583085,0.022724500500121748,7902.354584566403,0.2187121848440414,0.40449618739732474,0.03743863105773926
PCA_randomized,8,PCA_randomized,8,0.2361903554276965,0.023076394561621853,7281.390582809367,0.22026014120767268,0.4390846004606905,0.036566734313964844
PCA_randomized,9,PCA_randomized,2,0.24238357771455762,0.017037468026164442,14265.709441314613,0.18293789086742732,0.28813998239806937,0.01756453514099121
PCA_randomized,9,PCA_randomized,3,0.19686498518923962,0.021478595473963177,12843.215019571851,0.28080425285541344,0.4393859132685782,0.028669357299804688
PCA_randomized,9,PCA_randomized,4,0.19218827804476946,0.007414349826358375,11645.591223131454,0.2822942533787496,0.42648515168453416,0.02672553062438965
PCA_randomized,9,PCA_randomized,5,0.20319227936582082,0.016893120137099617,10551.785531905318,0.2690059702866323,0.44069686696545146,0.03744626045227051
PCA_randomized,9,PCA_randomized,6,0.19484509910822964,0.008110655413068163,9658.304973510605,0.20523098846875318,0.401326199626216,0.028969287872314453
PCA_randomized,9,PCA_randomized,7,0.22505156630749207,0.008039981740171797,8922.00704792437,0.16965194536864014,0.3857004730206304,0.03923749923706055
PCA_randomized,9,PCA_randomized,8,0.2325623618964713,0.008110655413068163,8139.14054134129,0.18576363446037894,0.40122690012902135,0.041271209716796875
PCA_randomized,10,PCA_randomized,2,0.23449049459325855,0.016044723215312605,15113.414354687444,0.18293789086742732,0.28813998239806937,0.02239203453063965
PCA_randomized,10,PCA_randomized,3,0.18219703091268952,0.021812205578462602,13688.473493533038,0.27137217748302545,0.42473529867605336,0.02765679359436035
PCA_randomized,10,PCA_randomized,4,0.18323005946769183,0.007363145189505078,12486.473279448204,0.2822942533787496,0.42648515168453416,0.027733802795410156
PCA_randomized,10,PCA_randomized,5,0.1945129221819304,0.015800862837458976,11394.799175249575,0.26226777380755584,0.43834123470501124,0.029894351959228516
PCA_randomized,10,PCA_randomized,6,0.19703733366498932,0.007808152931117826,10510.539041697419,0.20637732506643047,0.37415301970027814,0.029774904251098633
PCA_randomized,10,PCA_randomized,7,0.2242807451904188,0.00617417865302223,9627.494417590951,0.20472999309661452,0.37099685682698647,0.037322044372558594
PCA_randomized,10,PCA_randomized,8,0.21750686796723168,0.018170807736877556,8985.202873132945,0.16534943058062107,0.3546413492381887,0.051404476165771484
PCA_randomized,11,PCA_randomized,2,0.22662847811712572,0.0225425665016015,15847.427855898635,0.18293789086742732,0.28813998239806937,0.023617982864379883
PCA_randomized,11,PCA_randomized,3,0.1725701821708657,0.007468580085741535,14420.90065853491,0.27137217748302545,0.4247352986760535,0.030081987380981445
PCA_randomized,11,PCA_randomized,4,0.17267437566560878,0.0073516174192660285,13218.713162946677,0.260103436023635,0.41185177526481626,0.035689353942871094
PCA_randomized,11,PCA_randomized,5,0.18216788983964052,0.015755885908307007,12096.5952722689,0.26226777380755584,0.43834123470501124,0.11021089553833008
PCA_randomized,11,PCA_randomized,6,0.1915157403993228,0.006656713391416898,11158.767268654166,0.26752664542357985,0.41151406379702427,0.03970932960510254
PCA_randomized,11,PCA_randomized,7,0.1876848956140145,0.016047139058241046,10478.063301929169,0.21030654754737882,0.4024688828819917,0.03811502456665039
PCA_randomized,11,PCA_randomized,8,0.1987260906392831,0.018881335614533278,9669.596712815479,0.2863271738328397,0.47530262256714845,0.05424213409423828
PCA_randomized,12,PCA_randomized,2,0.21725031621640883,0.02262247755574736,16551.983429565127,0.19850435187090196,0.30314614342986157,0.030791282653808594
PCA_randomized,12,PCA_randomized,3,0.17446312787102844,0.025455722806244648,15101.629161368734,0.2621998450813323,0.41602535764458426,0.03847980499267578
PCA_randomized,12,PCA_randomized,4,0.1774239761361576,0.017248666845602702,13915.233214920421,0.25275903746841005,0.40170674460513117,0.03380250930786133
PCA_randomized,12,PCA_randomized,5,0.18002613505290352,0.017993598338077888,12739.554146667793,0.2653071683286712,0.43422923919819556,0.049481868743896484
PCA_randomized,12,PCA_randomized,6,0.16883396637957626,0.02140768976788871,11813.502220308905,0.20523098846875318,0.401326199626216,0.05422472953796387
PCA_randomized,12,PCA_randomized,7,0.1822680771028881,0.02140768976788871,10939.716233769908,0.21376484577584848,0.40334379727612385,0.055690765380859375
PCA_randomized,12,PCA_randomized,8,0.20886454635696722,0.02085328481230307,10204.12430003822,0.18974422801667806,0.3865602052948526,0.05837225914001465
PCA_randomized,13,PCA_randomized,2,0.21360331784451553,0.0229753428261413,17151.127896022415,0.18293789086742732,0.28813998239806937,0.03027033805847168
PCA_randomized,13,PCA_randomized,3,0.1722504172239092,0.026624619934208702,15689.308835400352,0.23513525071465932,0.39023931586788657,0.036472320556640625
PCA_randomized,13,PCA_randomized,4,0.18294842613726212,0.02050875503765903,14495.004121742582,0.2322317790855591,0.3926130792888557,0.05054783821105957
PCA_randomized,13,PCA_randomized,5,0.15647435189419864,0.021058884629066757,13570.089668030665,0.21030654754737882,0.40246888288199184,0.03652763366699219
PCA_randomized,13,PCA_randomized,6,0.17691079663199896,0.023566829942072515,12365.203225656303,0.25275903746841005,0.40170674460513117,0.046390533447265625
PCA_randomized,13,PCA_randomized,7,0.17908144271062743,0.021638013316497604,11512.623705628723,0.21582521405373487,0.3797400002524368,0.0410306453704834
PCA_randomized,13,PCA_randomized,8,0.19222044159700907,0.026786646385925615,10719.644229567686,0.1854503260830152,0.3906065255026265,0.04870486259460449
PCA_randomized,14,PCA_randomized,2,0.2065055402216608,0.015015645454166093,17599.193800437344,0.19850435187090196,0.30314614342986157,0.02826380729675293
PCA_randomized,14,PCA_randomized,3,0.1686791501657081,0.02659812333615752,16134.942663334155,0.23513525071465932,0.39023931586788657,0.04301261901855469
PCA_randomized,14,PCA_randomized,4,0.15453915480984273,0.016630691037337022,14938.398868994547,0.25275903746841005,0.40170674460513117,0.04767656326293945
PCA_randomized,14,PCA_randomized,5,0.17289671138202722,0.018778714182087555,13750.773147005864,0.2322317790855591,0.3926130792888557,0.04523921012878418
PCA_randomized,14,PCA_randomized,6,0.1548184528562376,0.01890076429147516,12826.005610041217,0.19754075168210092,0.38977919488932083,0.03957843780517578
PCA_randomized,14,PCA_randomized,7,0.1876255279620295,0.012088900178044223,12136.612482077848,0.2220071882775781,0.39379523294132945,0.04537320137023926
PCA_randomized,14,PCA_randomized,8,0.1915980872670003,0.025016204523282112,11236.51000351425,0.2220071882775781,0.39379523294132934,0.04801607131958008
PCA_randomized,15,PCA_randomized,2,0.20179312962819917,0.015488098254381126,18034.67735679593,0.20308538370888835,0.31648943994931755,0.02797842025756836
PCA_randomized,15,PCA_randomized,3,0.16320303474375822,0.025767685338861604,16571.180851062232,0.25670041691483025,0.4097041872085896,0.030878782272338867
PCA_randomized,15,PCA_randomized,4,0.15185691849297703,0.024863789878896935,15356.250132374693,0.25275903746841005,0.40170674460513117,0.0398564338684082
PCA_randomized,15,PCA_randomized,5,0.15567537995437727,0.024863789878896935,14166.490630756569,0.25715564094803195,0.399146656644012,0.04444313049316406
PCA_randomized,15,PCA_randomized,6,0.1677041801551505,0.024863789878896935,13219.60096537314,0.25275903746841005,0.40170674460513117,0.03406214714050293
PCA_randomized,15,PCA_randomized,7,0.17382019573578014,0.02281355474819155,12521.92174104867,0.23454623889408605,0.4274884223092107,0.042240142822265625
PCA_randomized,15,PCA_randomized,8,0.17027158617890986,0.019025576274166858,11687.007519885563,0.24740270055599684,0.4376134274105623,0.04597830772399902
GRP,2,GRP,2,0.5127378260973373,0.006654949223761716,10062.893510386135,0.004612101603909961,0.05986836158032707,0.03762507438659668
GRP,2,GRP,3,0.39157802997227115,0.001569320672522698,7046.217672615735,0.05252026788861473,0.1484666844435024,0.024324417114257812
GRP,2,GRP,4,0.3986354599386712,0.0022133413059679955,5760.039458511204,0.05252026788861473,0.14846668444350236,0.04484891891479492
GRP,2,GRP,5,0.36012811106351694,0.004413057996923102,4725.591245526596,0.03439681591027581,0.15293143642201962,0.08695411682128906
GRP,2,GRP,6,0.3695965758298878,0.001283803844335863,4051.2509166857626,0.022794398550754404,0.13543790358871002,0.03719186782836914
GRP,2,GRP,7,0.36848942458487005,0.003715381251734767,3477.224991894008,0.06297496153828278,0.19399297992527098,0.05685925483703613
GRP,2,GRP,8,0.3660330817854121,0.003949096657816948,3053.5276413230367,0.07320071356829118,0.24411352549322218,0.05070352554321289
GRP,3,GRP,2,0.3351543769096106,0.009236821532653273,12687.167026115076,0.1259920634920635,0.19301687287961747,0.025051355361938477
GRP,3,GRP,3,0.3520111039270616,0.011543852898233137,9820.31934985831,0.10181241423556038,0.21245060379892497,0.03406977653503418
GRP,3,GRP,4,0.29305953400724505,0.007942823060137324,8183.273382109447,0.08440830677947478,0.2162956076270309,0.04680752754211426
GRP,3,GRP,5,0.3200813810733577,0.008122287006280926,7017.5885647994855,0.09669870455495194,0.24687712136379636,0.057381391525268555
GRP,3,GRP,6,0.32887357740129863,0.009494409908982279,6251.665061832029,0.09918317554999977,0.258990558352679,0.051317453384399414
GRP,3,GRP,7,0.30214367128242603,0.00983785138435433,5603.05838540854,0.12073829009228626,0.27932616924304376,0.0720820426940918
GRP,3,GRP,8,0.2988432526388277,0.00989263968734066,4935.118374797238,0.09188307907301735,0.267040002674645,0.06758284568786621
GRP,4,GRP,2,0.2865196338902955,0.009427120887863766,14654.206889837631,0.12797619047619047,0.19339130051403475,0.024982452392578125
GRP,4,GRP,3,0.29903863023565447,0.010497355036644274,12507.231762955516,0.053909076328123605,0.15786801985276483,0.03086566925048828
GRP,4,GRP,4,0.22567297876061337,0.012050442481493942,10775.174609171096,0.18763863416397714,0.27007348900854855,0.027641773223876953
GRP,4,GRP,5,0.2619666898682426,0.012715866097547882,9269.648921676984,0.0845038542845551,0.2122112858485644,0.033222198486328125
GRP,4,GRP,6,0.2771339765622868,0.015272094168616886,8303.617412495252,0.10472260962166545,0.26530908989935104,0.037348270416259766
GRP,4,GRP,7,0.27335327780539814,0.013893774882051242,7372.512274835946,0.07556322086881535,0.2504371195420486,0.05044126510620117
GRP,4,GRP,8,0.2798277420611166,0.019545866395868406,6724.9805456727745,0.07556322086881535,0.2504371195420486,0.05039572715759277
GRP,5,GRP,2,0.26949241552164616,0.009290484536748099,13315.807661976934,0.12797619047619047,0.19339130051403475,0.024106979370117188
GRP,5,GRP,3,0.28724591382483433,0.012916139766963923,11047.592783290776,0.15109095454058494,0.22306984057455206,0.036330223083496094
GRP,5,GRP,4,0.28613932826874505,0.014395582206286957,9607.856173097534,0.06664315811063175,0.1754152742312614,0.036701202392578125
GRP,5,GRP,5,0.2446479326253615,0.015934842341612167,8368.95247534025,0.08217618939221488,0.21114145697557266,0.058603525161743164
GRP,5,GRP,6,0.2624360791016315,0.013595681402178832,7539.526351246613,0.10709897975535494,0.26790553510649623,0.07573652267456055
GRP,5,GRP,7,0.25382641949156515,0.013595681402178832,6795.171826352301,0.07542301162470731,0.2518448978019803,0.05901169776916504
GRP,5,GRP,8,0.2606246205143004,0.017931576721995707,6160.273529730164,0.07542301162470731,0.2518448978019803,0.05661463737487793
GRP,6,GRP,2,0.25493911543181386,0.009726326241222808,16866.90615237028,0.04524219836804186,0.0841180081434159,0.030574560165405273
GRP,6,GRP,3,0.24905323652886052,0.009263028825682255,13664.769194379394,0.07931673928447587,0.18852843213770296,0.036481380462646484
GRP,6,GRP,4,0.2555627076740152,0.01311110987803163,11800.095388414433,0.07931673928447587,0.18852843213770296,0.0403594970703125
GRP,6,GRP,5,0.267731162502143,0.01311110987803163,10576.51775178119,0.05308503357235839,0.17325606088154058,0.03769850730895996
GRP,6,GRP,6,0.22739670290661387,0.009073134676696636,9521.799750776558,0.07393348424168553,0.21160211978799703,0.136124849319458
GRP,6,GRP,7,0.22232905926606125,0.0130594368300931,8911.846531643585,0.09880430642799286,0.2745037791560652,0.0578312873840332
GRP,6,GRP,8,0.22855369304278783,0.01649254912437342,8278.2104954795,0.11528095716009427,0.3003875581790357,0.0520939826965332
GRP,7,GRP,2,0.22108138776812727,0.009758291455645106,16879.852412674743,0.03878454509662855,0.06829240783629907,0.027225017547607422
GRP,7,GRP,3,0.23368886103490763,0.01085966001229561,14101.98392696135,0.08844206170482734,0.2007419729519514,0.0396265983581543
GRP,7,GRP,4,0.24705982699383897,0.013218700807299883,11857.82641532979,0.08844206170482734,0.2007419729519514,0.04649519920349121
GRP,7,GRP,5,0.2335790206824984,0.013219859138449317,10699.635983424694,0.0891378899947986,0.22315453637100602,0.044179677963256836
GRP,7,GRP,6,0.21615797595320851,0.009458929896842674,9756.375757587413,0.07869390895237531,0.22565605228339544,0.059882402420043945
GRP,7,GRP,7,0.22037518371551668,0.0191024031334059,9094.4212441269,0.07811434387098805,0.23445571878597185,0.0627138614654541
GRP,7,GRP,8,0.220011982577241,0.018328362492591038,8488.469982670542,0.12190812720848057,0.3025058992127874,0.0670626163482666
GRP,8,GRP,2,0.22665501100484042,0.012873060946330806,15981.332817587483,0.019555503974931818,0.04321866277947696,0.05345940589904785
GRP,8,GRP,3,0.22452278122411465,0.009014961766350593,13597.877732191817,0.07935185289447903,0.18937527031939322,0.09780168533325195
GRP,8,GRP,4,0.23253085364484485,0.01248398294742729,11648.28892888752,0.07935185289447903,0.18937527031939322,0.05811309814453125
GRP,8,GRP,5,0.2101896546860127,0.020528624300209092,10583.271511312823,0.11621269800086782,0.2374945515632169,0.047791481018066406
GRP,8,GRP,6,0.22400614177277933,0.019640104384150453,9624.148123891968,0.08471273672016247,0.22645042096644621,0.05563640594482422
GRP,8,GRP,7,0.22698130065514796,0.020528624300209092,8998.873374468234,0.09138143202224147,0.2493306561616673,0.05040478706359863
GRP,8,GRP,8,0.2368892224915158,0.02327668007880729,8382.217644267024,0.09005323850438858,0.25029996926066334,0.052585601806640625
GRP,9,GRP,2,0.2231107359524372,0.008947681114216668,15795.682060465364,0.019555503974931818,0.04321866277947696,0.036379337310791016
GRP,9,GRP,3,0.21630793402978496,0.00858792035090992,13642.122601117519,0.06132281594191531,0.15493707331850654,0.030393362045288086
GRP,9,GRP,4,0.22406958397610027,0.010553211645450618,11834.660008738318,0.06616403740345037,0.16254881998586687,0.03367447853088379
GRP,9,GRP,5,0.229699364461109,0.014068484383345134,10787.431462951421,0.06169558705957864,0.1545163210477193,0.038518428802490234
GRP,9,GRP,6,0.24447027950043285,0.01582465332286773,9724.061329632821,0.053820550636944096,0.17456227077890854,0.050359249114990234
GRP,9,GRP,7,0.23135425020758923,0.02563016918258242,8732.988411546692,0.07766599597585513,0.21716658466356398,0.04730224609375
GRP,9,GRP,8,0.21962862487484236,0.011374477667242838,8100.621611917848,0.08120902031484484,0.23998016593852592,0.05035853385925293
GRP,10,GRP,2,0.24986754503697542,0.008891914870397845,16875.825469288775,-0.0028925472270828127,0.02681102640213034,0.0232846736907959
GRP,10,GRP,3,0.23540534992443993,0.008986509546964913,14310.762766529617,0.045040164740366956,0.13344202056588184,0.025836467742919922
GRP,10,GRP,4,0.23791022893444738,0.010227209965245825,12650.097222891449,0.051283487770171096,0.1402509386004592,0.03436851501464844
GRP,10,GRP,5,0.23587450206974037,0.010242196970782848,11597.833292730973,0.05543237250554324,0.17482581965159388,0.031211376190185547
GRP,10,GRP,6,0.20608887951405286,0.01584871131278179,10685.490855425483,0.06295091243457349,0.1814489085882293,0.04862093925476074
GRP,10,GRP,7,0.21620276468679964,0.015415204357997064,9680.181979792973,0.10069598028507208,0.2574983505720604,0.059053897857666016
GRP,10,GRP,8,0.2374542193152993,0.016913240805224525,9009.289616941165,0.0959805805000819,0.26849061617622483,0.07908201217651367
GRP,11,GRP,2,0.2529049934209368,0.008509924559916542,17483.786277014562,0.0334471944693799,0.07225108260245397,0.03843355178833008
GRP,11,GRP,3,0.24102941029528296,0.00806726482559632,14530.158250459297,0.07108075330927481,0.16002500382045212,0.051123857498168945
GRP,11,GRP,4,0.23655168788103215,0.009851861781777198,13021.74926230393,0.07108075330927481,0.16002500382045212,0.10920906066894531
GRP,11,GRP,5,0.24418041450391667,0.013864227039110442,11904.00475504358,0.07108075330927481,0.1600250038204521,0.04591846466064453
GRP,11,GRP,6,0.20910495897213585,0.015523808291858801,11053.487085576557,0.10605933974091099,0.24881059998623498,0.06614279747009277
GRP,11,GRP,7,0.2136343413041342,0.02218731904398166,10040.867644220263,0.1419243437758463,0.2867318292156512,0.055727243423461914
GRP,11,GRP,8,0.22640303905145906,0.025641331983021983,9340.966626033478,0.13320383597681285,0.310475293102708,0.061524152755737305
GRP,12,GRP,2,0.245476422813071,0.00890151016581943,17582.919596508524,0.05057028995465164,0.11053664773362648,0.029768705368041992
GRP,12,GRP,3,0.2254090017888766,0.009235557715736373,14869.265867924014,0.07108075330927481,0.16002500382045212,0.0325617790222168
GRP,12,GRP,4,0.2233937405927761,0.009981007029711485,13497.051753417512,0.07108075330927481,0.16002500382045212,0.0450899600982666
GRP,12,GRP,5,0.21970709157807966,0.009888539224956526,12446.237388284697,0.06668717723327107,0.18106977911890373,0.06475186347961426
GRP,12,GRP,6,0.22806548163402646,0.01306607546528803,11339.077078341797,0.06668717723327107,0.18106977911890373,0.05747389793395996
GRP,12,GRP,7,0.20198756634392218,0.013941903837008189,10531.377952095803,0.09385907265425338,0.24280980065042612,0.058667659759521484
GRP,12,GRP,8,0.21378245087879516,0.01636272926850932,9714.492051535148,0.08796800291580144,0.25248664920109914,0.06708431243896484
GRP,13,GRP,2,0.23196007408789826,0.014241590247400111,19150.028120164596,-0.004588584598135498,0.02481955306805356,0.030279159545898438
GRP,13,GRP,3,0.19998674429198812,0.013980831523354645,16593.629221825202,0.05280706596743031,0.13958701714685515,0.03587818145751953
GRP,13,GRP,4,0.2106668763055913,0.009024733088567466,14944.753944783924,0.0680221376143188,0.2110413067159462,0.040154457092285156
GRP,13,GRP,5,0.20949760708103765,0.012619365341041142,13484.893780929515,0.108437731113153,0.2504358764495187,0.04496002197265625
GRP,13,GRP,6,0.22543149024536338,0.023000353109766728,12388.996844896381,0.0787770586922562,0.22952040255010603,0.05578255653381348
GRP,13,GRP,7,0.23101276886222263,0.023000353109766728,11459.5671178804,0.0787770586922562,0.22952040255010597,0.04566764831542969
GRP,13,GRP,8,0.21588831673975586,0.015878452461994205,10813.310687038076,0.1150503087010384,0.2897014680881017,0.057172298431396484
GRP,14,GRP,2,0.23636938097575305,0.013535632396133309,18604.17220523687,0.017673632208807757,0.049992437217124375,0.023410797119140625
GRP,14,GRP,3,0.19704253151312626,0.015416306629642988,16265.390843026902,0.05280706596743031,0.13958701714685515,0.024114370346069336
GRP,14,GRP,4,0.20507418495566687,0.010480039643253681,14678.895484201868,0.05280706596743031,0.13958701714685515,0.03212118148803711
GRP,14,GRP,5,0.212855222016997,0.012573275247918896,13153.727116265753,0.07691908960143065,0.21721046305252423,0.039032697677612305
GRP,14,GRP,6,0.21737602938949036,0.023184438317336093,12101.860995048273,0.07827027027027027,0.22950206065088807,0.046843528747558594
GRP,14,GRP,7,0.22369861210907918,0.024881038984201288,11208.134525356876,0.08090416908818401,0.2346989974527845,0.0483551025390625
GRP,14,GRP,8,0.21348928238111547,0.029538064748290592,10567.937946623806,0.09938006009723373,0.25908714058754373,0.05303549766540527
GRP,15,GRP,2,0.23195546946365334,0.01349510742818508,18048.537384150488,-0.004588584598135498,0.02481955306805356,0.027949094772338867
GRP,15,GRP,3,0.19431844218597213,0.014886328306203955,15827.251351768042,0.06441137558906176,0.15225353974127437,0.033345937728881836
GRP,15,GRP,4,0.19938139505545627,0.00894147192706002,14289.403383913033,0.12823701503486962,0.27946486993315045,0.028138399124145508
GRP,15,GRP,5,0.2054880510693376,0.012560629732774003,12808.105630239152,0.11718261101125091,0.269411036459146,0.03598761558532715
GRP,15,GRP,6,0.21154463451578112,0.02062722241145818,11882.49676637238,0.11360083376758728,0.2718980470914719,0.04316997528076172
GRP,15,GRP,7,0.22474183796274028,0.022415108175784425,10938.116751950063,0.07631708517971443,0.22509997855007519,0.043202877044677734
GRP,15,GRP,8,0.20061584064589102,0.022338005260081787,10339.244654230199,0.11675794085432639,0.3032341683572939,0.06685400009155273
SRP,2,SRP,2,0.457837490822267,0.003433573966078003,10200.995965178034,0.16644452594573803,0.27977203174801607,0.019819021224975586
SRP,2,SRP,3,0.4085668104643962,0.004386866894241359,7416.257750956996,0.2012725661638322,0.37591582771947907,0.039032697677612305
SRP,2,SRP,4,0.40180749973177654,0.0020517399662126133,5849.380342337599,0.16764908798218328,0.34446203020033606,0.05273938179016113
SRP,2,SRP,5,0.3997281501823917,0.004708900411697841,4839.508110669351,0.16449885233358838,0.3530930580412677,0.035182952880859375
SRP,2,SRP,6,0.4125293394962455,0.0036717536085437963,4025.7439818679804,0.1124590324316392,0.33470122652093753,0.03424692153930664
SRP,2,SRP,7,0.4108065964030977,0.006144656636689252,3290.609513593923,0.1347766801714751,0.3690652370725125,0.044097185134887695
SRP,2,SRP,8,0.4215816991339647,0.0058188325037313035,2707.4780834025496,0.1281845024965911,0.3649658565152974,0.051467180252075195
SRP,3,SRP,2,0.4792128902330857,0.007416028725154786,13691.866404969689,0.05048400931258424,0.18243053038684567,0.02382826805114746
SRP,3,SRP,3,0.3629957133720048,0.004806726454246046,10180.371934540603,0.05324767313260348,0.13104174544209185,0.03212332725524902
SRP,3,SRP,4,0.30206841274687407,0.007435577808738737,8443.66247758096,0.12637201470242082,0.2884475339549884,0.039284467697143555
SRP,3,SRP,5,0.3086214593078602,0.004486226626432072,7253.742371839335,0.16095506800859055,0.28386700242806706,0.05034947395324707
SRP,3,SRP,6,0.2776347260203826,0.0061279107278704465,6544.2712909328575,0.06770430948387948,0.21635779126722116,0.04878973960876465
SRP,3,SRP,7,0.31244363713166223,0.009541797153648309,5914.998171554149,0.147988206212586,0.2768226542078213,0.05119466781616211
SRP,3,SRP,8,0.28177787145047023,0.0079984694170696,5316.997332934304,0.06637115867172622,0.2307982413366612,0.05337810516357422
SRP,4,SRP,2,0.34613905946138795,0.00475554982576516,20393.512021849827,0.12509373995643325,0.20583458895655066,0.024876832962036133
SRP,4,SRP,3,0.26056203261100136,0.012814748889404218,17073.31953459104,0.11155058945032247,0.1947576713795331,0.04007554054260254
SRP,4,SRP,4,0.2338063318908735,0.00917214506396765,14780.87027292082,0.16359333172485896,0.2818659331459606,0.031265974044799805
SRP,4,SRP,5,0.2637013864517603,0.010999249842579247,12355.141512181011,0.12181247464286477,0.27369119751409776,0.04688882827758789
SRP,4,SRP,6,0.2713523803426643,0.009626375280101322,10760.024926662838,0.09669870455495194,0.263337824092645,0.044133901596069336
SRP,4,SRP,7,0.26833213977606885,0.012781547519197403,9499.0766702236,0.19373187543413953,0.32571067173538143,0.051337242126464844
SRP,4,SRP,8,0.2692006611162318,0.015571196943702147,8724.73024543723,0.15923850521393848,0.32524934476761225,0.05103015899658203
SRP,5,SRP,2,0.3181362869569709,0.025528779084475567,20428.769002342156,0.15241835210347882,0.23680830545161724,0.01984548568725586
SRP,5,SRP,3,0.229196515857084,0.009489527262198072,17014.864104094468,0.23574942481435066,0.3653010344335824,0.07608795166015625
SRP,5,SRP,4,0.22696269985044282,0.015558608825829495,14850.641193681346,0.17646028986957119,0.30314462124558655,0.035324811935424805
SRP,5,SRP,5,0.23875236860733623,0.009713007931910867,13346.592682928145,0.2011494026648822,0.3394150916048253,0.04534626007080078
SRP,5,SRP,6,0.23748932039708845,0.018363451909533167,12077.348354677859,0.2210633337423528,0.404972499175731,0.04063272476196289
SRP,5,SRP,7,0.2454637597951795,0.019500027356555018,11037.102713865852,0.2210633337423528,0.40497249917573114,0.05143594741821289
SRP,5,SRP,8,0.26233415666583054,0.01840619292525092,10101.550798673921,0.19322919907897193,0.38670336609005346,0.056835174560546875
SRP,6,SRP,2,0.25840606205077116,0.01710651659309114,15580.80104911857,0.0784942350513541,0.1549154243082187,0.025993824005126953
SRP,6,SRP,3,0.24684170454794924,0.018495909887131103,13261.740648941244,0.1203585261783149,0.19354156527021138,0.02916407585144043
SRP,6,SRP,4,0.22148580695302283,0.010328749871365546,11221.20776082339,0.17550096592402922,0.2948520243269503,0.03538107872009277
SRP,6,SRP,5,0.22664363262235895,0.012229867610805087,10024.122081346497,0.16199098887489055,0.2994570307063922,0.04581046104431152
SRP,6,SRP,6,0.22427578659769942,0.02728490068635292,9116.552660218023,0.2610072258904066,0.42048742915627796,0.04217958450317383
SRP,6,SRP,7,0.2276053421232193,0.024751689941910154,8404.120857206868,0.2279298526945698,0.40691098046202623,0.046303749084472656
SRP,6,SRP,8,0.20944001709203497,0.038871591271347636,7884.6878421580595,0.20686695278969958,0.38487782376360347,0.04606294631958008
SRP,7,SRP,2,0.2282813649797505,0.01694342071912751,17340.603126838592,0.13481644149520217,0.2088250099391252,0.02341628074645996
SRP,7,SRP,3,0.22143734210163232,0.015671915814213993,14823.653726693854,0.21098283711550825,0.32269286034433187,0.030851364135742188
SRP,7,SRP,4,0.19016250730683745,0.02294551644398168,13069.594457942734,0.14683755710307458,0.2683738059506566,0.040489912033081055
SRP,7,SRP,5,0.21389860359357898,0.017594997311782212,11622.301674996466,0.21129225024801393,0.3042529742729781,0.045636653900146484
SRP,7,SRP,6,0.2160488541301597,0.015849001059100885,10578.292627164445,0.1797749226894507,0.38101426316147646,0.045348167419433594
SRP,7,SRP,7,0.19705792697060498,0.012595689484808123,9860.741124836903,0.1548945173937395,0.368132956878591,0.049726247787475586
SRP,7,SRP,8,0.2001841295619647,0.017039826853305167,9158.694412752397,0.16020441271901362,0.38008534408572847,0.04567670822143555
SRP,8,SRP,2,0.2827244672388831,0.02447676985339488,20102.359024448044,0.23256791691638862,0.3842683411345552,0.0221865177154541
SRP,8,SRP,3,0.26158266534803604,0.029968166772882724,16375.591108544251,0.23373818696981738,0.36781690313755816,0.02763819694519043
SRP,8,SRP,4,0.19657647115433988,0.023247679183422534,14943.513890742299,0.17646028986957119,0.31282995102356076,0.03267788887023926
SRP,8,SRP,5,0.17692905513937296,0.011760213862109414,13767.601127152997,0.34344211152545817,0.4806345343450934,0.04375123977661133
SRP,8,SRP,6,0.18568707277485622,0.011669481480388228,12767.940338841769,0.28388884612423987,0.44410505157756375,0.042814016342163086
SRP,8,SRP,7,0.17841026210316493,0.02570324097673466,12026.777852228224,0.3577303252093866,0.5298983685140849,0.04599452018737793
SRP,8,SRP,8,0.1819820183134579,0.020182604595311973,11226.388585708535,0.23660729021113666,0.45797181032950446,0.0519559383392334
SRP,9,SRP,2,0.34235094840544916,0.03033255660352816,18050.708222407327,0.17182150525155226,0.3508385137825206,0.024919748306274414
SRP,9,SRP,3,0.24691144432823697,0.03033255660352816,15120.53179824345,0.185789726356217,0.35837971024252574,0.026993274688720703
SRP,9,SRP,4,0.24312021690702604,0.03269047125856618,13683.137799101612,0.17803453124773488,0.4130033119405454,0.03596377372741699
SRP,9,SRP,5,0.19365385296237264,0.0249960762624504,12591.610488467992,0.17791566417626947,0.3941487063102701,0.03954625129699707
SRP,9,SRP,6,0.2075140896157383,0.0249960762624504,11575.370551866941,0.1768061781280749,0.3950870038323214,0.05078601837158203
SRP,9,SRP,7,0.20793093114594596,0.017409887091880284,10918.645451357812,0.2289873947625471,0.4357471273308656,0.05272722244262695
SRP,9,SRP,8,0.18130602073565222,0.026875321730979868,10397.73914677408,0.2440419976667963,0.4384286623410344,0.05017590522766113
SRP,10,SRP,2,0.35914248673027155,0.033946372201489175,18339.736540620983,0.14291603682836335,0.25815944297413795,0.02739572525024414
SRP,10,SRP,3,0.18945661200197836,0.01579568114813824,15913.298436558558,0.1357325785146246,0.24571444588790994,0.031302690505981445
SRP,10,SRP,4,0.18025413866424028,0.014033743781998374,14602.641379856037,0.16222441301685683,0.2843960164779364,0.043846845626831055
SRP,10,SRP,5,0.19211892654121424,0.020638955242200323,13354.361134826193,0.1610994241975266,0.28653927244152533,0.05361676216125488
SRP,10,SRP,6,0.1719947695116398,0.027001175845379994,12390.25378670401,0.18644462559683242,0.3536524689855355,0.07854199409484863
SRP,10,SRP,7,0.179099833636951,0.015140865547896405,11511.774585536397,0.14402862081440687,0.3095755404362164,0.07115006446838379
SRP,10,SRP,8,0.18468101418600996,0.013830786866306658,10943.578464493976,0.2129051894688784,0.42795507666514493,0.06245303153991699
SRP,11,SRP,2,0.1645075123984379,0.021452408867686637,18360.446759159568,0.004752354377397977,0.031862426714235864,0.04906511306762695
SRP,11,SRP,3,0.1778480266856854,0.0171619905363507,15939.74716299557,0.08742741591377104,0.19508722794942268,0.0377812385559082
SRP,11,SRP,4,0.1867179854783765,0.014335388699487507,14417.464269520417,0.0978425923273071,0.25591025689528074,0.04218745231628418
SRP,11,SRP,5,0.15622984212385077,0.014335388699487507,13297.931911042786,0.14368086830352936,0.31009328234694516,0.05737137794494629
SRP,11,SRP,6,0.17824719856632326,0.020766633779210855,12150.54564722862,0.06139771762708667,0.2270521457901675,0.12687897682189941
SRP,11,SRP,7,0.17584841265931905,0.022331966036922498,11315.709230255841,0.05387428173428522,0.19543085100898752,0.10662460327148438
SRP,11,SRP,8,0.18307324803215566,0.031366800086217984,10535.314776199117,0.10405123033900596,0.2838749981910381,0.08761811256408691
SRP,12,SRP,2,0.1950706829295377,0.023491386731443433,18413.815744753152,0.15575396825396826,0.23122747948231853,0.03673863410949707
SRP,12,SRP,3,0.18000015876867226,0.02459177688734868,15979.099757539796,0.08638062858637294,0.1538661777092139,0.04146933555603027
SRP,12,SRP,4,0.16684950628301307,0.02456978195057518,14723.050035279326,0.034892266086598664,0.16398771100269957,0.05294346809387207
SRP,12,SRP,5,0.17828517200695707,0.012241492400361053,13661.216490778505,0.05395221729949071,0.20629196664610847,0.05521678924560547
SRP,12,SRP,6,0.18582547036095073,0.01934263176992318,12762.434349428962,0.07542301162470731,0.27308492476197255,0.03894972801208496
SRP,12,SRP,7,0.18717413493366875,0.02078874119410506,11891.27239258167,0.0768562115175661,0.2735594719281867,0.07130098342895508
SRP,12,SRP,8,0.1844587868559824,0.011714296159389095,11196.868274270515,0.10911291717101851,0.32751412018647685,0.06122779846191406
SRP,13,SRP,2,0.18095881336444672,0.020238572803362404,20118.769799453148,0.14575340076735263,0.24495555888852932,0.03151655197143555
SRP,13,SRP,3,0.19029067552478487,0.020236501598832536,17850.463973412738,0.2584988156076178,0.38753910879395653,0.05513191223144531
SRP,13,SRP,4,0.18764422613000376,0.012562704072088223,16248.755840923795,0.27667359151654214,0.3930286823590657,0.05241680145263672
SRP,13,SRP,5,0.18338588182487778,0.020606543832593003,14847.708316856679,0.30507955528926173,0.4093191870983351,0.050614118576049805
SRP,13,SRP,6,0.15493967722809918,0.026910690294171133,13811.874994945796,0.1622891899364114,0.33862314691353784,0.050667762756347656
SRP,13,SRP,7,0.1665133556550304,0.013415029208176592,12887.269853071773,0.18413922069991986,0.35895462864350186,0.06258010864257812
SRP,13,SRP,8,0.15991157326514954,0.01652186255244858,12243.766312958984,0.17089517516115035,0.3256002908289347,0.06320381164550781
SRP,14,SRP,2,0.28676224159937924,0.028180410386203194,20124.293235548987,0.24855179287004547,0.42125505246288697,0.029658079147338867
SRP,14,SRP,3,0.2052023797566567,0.02287078209957419,17491.327792004857,0.25283092190721557,0.3951881656854361,0.02380228042602539
SRP,14,SRP,4,0.21355099469153535,0.024426189365419952,15546.384363962448,0.17783079464121856,0.33594271879792315,0.03939676284790039
SRP,14,SRP,5,0.17776049958541332,0.022263385932280194,14445.242941927849,0.1250603839730584,0.30309971171683114,0.039757490158081055
SRP,14,SRP,6,0.19005914515352051,0.02233003500570598,13288.765012370166,0.13190689791745341,0.3118565499641897,0.0509490966796875
SRP,14,SRP,7,0.20184668289156454,0.016297490578739162,12318.786736892867,0.168343615861317,0.3502811912911316,0.04299330711364746
SRP,14,SRP,8,0.20804751526654552,0.02233003500570598,11681.524194729967,0.20352460569202446,0.4114341082826012,0.0521090030670166
SRP,15,SRP,2,0.35526711245617265,0.03430022868166094,22489.335531027864,0.24855179287004547,0.42125505246288697,0.020281314849853516
SRP,15,SRP,3,0.2378831009505655,0.01182515651443668,19239.640872722975,0.19033409528528156,0.3226550325382478,0.025326967239379883
SRP,15,SRP,4,0.24289266435642656,0.01182515651443668,17770.387111663676,0.20123648543445982,0.3443631758453273,0.02898550033569336
SRP,15,SRP,5,0.21701529245546533,0.01194324301132053,16659.09933750955,0.19112877748763332,0.3383175525029036,0.03799152374267578
SRP,15,SRP,6,0.20541046101325608,0.011847182833066513,15704.383143106144,0.18610831421355825,0.3354122749454081,0.04599785804748535
SRP,15,SRP,7,0.20710243626260094,0.03519466110263008,14685.005257693861,0.19525194436036794,0.38860360320955306,0.04681539535522461
SRP,15,SRP,8,0.19354728543063532,0.029343921069928714,13679.11501125265,0.14671443551205873,0.3773440905256581,0.05628085136413574
