Method,n_components,k_clusters,Silhouette,Dunn_Index
PCA_full,2,2,0.4241859740675103,0.005153722911400699
PCA_full,2,3,0.42325223749629026,0.004313069438337585
PCA_full,2,4,0.38774807174713155,0.005533237721595769
PCA_full,2,5,0.3878203353310498,0.011591834314896503
PCA_full,2,6,0.39273428183375664,0.008450437888626048
PCA_full,2,7,0.3901765420349743,0.010427551759806196
PCA_full,2,8,0.3964699083231244,0.009242797156480544
PCA_randomized,2,2,0.42418616038165163,0.005152918437722159
PCA_randomized,2,3,0.42325283244912126,0.004313008619953419
PCA_randomized,2,4,0.38774855237953537,0.005532050869211737
PCA_randomized,2,5,0.38782051587712324,0.011591296362103801
PCA_randomized,2,6,0.3927341920787729,0.008446478528494684
PCA_randomized,2,7,0.39017628538217414,0.010427481489665127
PCA_randomized,2,8,0.39646965465507394,0.009242723929066474
GRP,2,2,0.5127378260973373,0.006654949223761716
GRP,2,3,0.39157802997227115,0.001569320672522698
GRP,2,4,0.3986354599386712,0.0022133413059679955
GRP,2,5,0.36012811106351694,0.004413057996923102
GRP,2,6,0.3695965758298878,0.001283803844335863
GRP,2,7,0.36848942458487005,0.003715381251734767
GRP,2,8,0.3660330817854121,0.003949096657816948
SRP,2,2,0.457837490822267,0.003433573966078003
SRP,2,3,0.4085668104643962,0.004386866894241359
SRP,2,4,0.40180749973177654,0.0020517399662126133
SRP,2,5,0.3997281501823917,0.004708900411697841
SRP,2,6,0.4125293394962455,0.0036717536085437963
SRP,2,7,0.4108065964030977,0.006144656636689252
SRP,2,8,0.4215816991339647,0.0058188325037313035
PCA_full,3,2,0.3550981278268591,0.014769891233956388
PCA_full,3,3,0.3112609066553006,0.009088834604851685
PCA_full,3,4,0.3474458491132061,0.012915320757722316
PCA_full,3,5,0.3276940246253262,0.012907563059094011
PCA_full,3,6,0.3317714957264813,0.01412481723563572
PCA_full,3,7,0.3280207545394756,0.017646628412113837
PCA_full,3,8,0.32620367924502075,0.017066069317800397
PCA_randomized,3,2,0.3551164590204706,0.01464531621670642
PCA_randomized,3,3,0.30989551015323785,0.013053020388281447
PCA_randomized,3,4,0.34970010115570366,0.011587079676939754
PCA_randomized,3,5,0.32797161635542166,0.012892138565675585
PCA_randomized,3,6,0.3325129599645353,0.01447640874983473
PCA_randomized,3,7,0.32885825629764887,0.01780704201939733
PCA_randomized,3,8,0.3268479313404291,0.02161597799192668
GRP,3,2,0.3351543769096106,0.009236821532653273
GRP,3,3,0.3520111039270616,0.011543852898233137
GRP,3,4,0.29305953400724505,0.007942823060137324
GRP,3,5,0.3200813810733577,0.008122287006280926
GRP,3,6,0.32887357740129863,0.009494409908982279
GRP,3,7,0.30214367128242603,0.00983785138435433
GRP,3,8,0.2988432526388277,0.00989263968734066
SRP,3,2,0.4792128902330857,0.007416028725154786
SRP,3,3,0.3629957133720048,0.004806726454246046
SRP,3,4,0.30206841274687407,0.007435577808738737
SRP,3,5,0.3086214593078602,0.004486226626432072
SRP,3,6,0.2776347260203826,0.0061279107278704465
SRP,3,7,0.31244363713166223,0.009541797153648309
SRP,3,8,0.28177787145047023,0.0079984694170696
PCA_full,4,2,0.31326631212481043,0.015346931140749243
PCA_full,4,3,0.25869862380432246,0.007921238674410542
PCA_full,4,4,0.296534055170605,0.009525436188803795
PCA_full,4,5,0.2703032242090789,0.009931123288452935
PCA_full,4,6,0.2783311660457824,0.01863177239897632
PCA_full,4,7,0.29982994856983386,0.013140848077811528
PCA_full,4,8,0.29514637205953653,0.011474851800788125
PCA_randomized,4,2,0.3132691912764563,0.015350208132291359
PCA_randomized,4,3,0.2587104578875629,0.007917751267373613
PCA_randomized,4,4,0.2965338923886347,0.009519689709759496
PCA_randomized,4,5,0.27010893336968833,0.016851332826315214
PCA_randomized,4,6,0.2784669961567034,0.01861596815252637
PCA_randomized,4,7,0.30167873233029324,0.013096816169489775
PCA_randomized,4,8,0.29510427463224714,0.01143058095843588
GRP,4,2,0.2865196338902955,0.009427120887863766
GRP,4,3,0.29903863023565447,0.010497355036644274
GRP,4,4,0.22567297876061337,0.012050442481493942
GRP,4,5,0.2619666898682426,0.012715866097547882
GRP,4,6,0.2771339765622868,0.015272094168616886
GRP,4,7,0.27335327780539814,0.013893774882051242
GRP,4,8,0.2798277420611166,0.019545866395868406
SRP,4,2,0.34613905946138795,0.00475554982576516
SRP,4,3,0.26056203261100136,0.012814748889404218
SRP,4,4,0.2338063318908735,0.00917214506396765
SRP,4,5,0.2637013864517603,0.010999249842579247
SRP,4,6,0.2713523803426643,0.009626375280101322
SRP,4,7,0.26833213977606885,0.012781547519197403
SRP,4,8,0.2692006611162318,0.015571196943702147
PCA_full,5,2,0.2902892040165714,0.01801700085441492
PCA_full,5,3,0.25611491389220614,0.01922051966414204
PCA_full,5,4,0.260023017722686,0.007309615455051462
PCA_full,5,5,0.27005662768300376,0.009051895382268605
PCA_full,5,6,0.2642989770973356,0.02709688564533418
PCA_full,5,7,0.2700537304689753,0.028384051868613418
PCA_full,5,8,0.28226477267040284,0.020317404080378243
PCA_randomized,5,2,0.2902812622493825,0.01800559474026807
PCA_randomized,5,3,0.2561044761704589,0.019211415985093412
PCA_randomized,5,4,0.2583252917702948,0.007280833737241494
PCA_randomized,5,5,0.2700082155739194,0.009040294594991042
PCA_randomized,5,6,0.2642896380899187,0.027100561253327923
PCA_randomized,5,7,0.26866765842498125,0.028524256357074302
PCA_randomized,5,8,0.2822673964551162,0.020319012790202887
GRP,5,2,0.26949241552164616,0.009290484536748099
GRP,5,3,0.28724591382483433,0.012916139766963923
GRP,5,4,0.28613932826874505,0.014395582206286957
GRP,5,5,0.2446479326253615,0.015934842341612167
GRP,5,6,0.2624360791016315,0.013595681402178832
GRP,5,7,0.25382641949156515,0.013595681402178832
GRP,5,8,0.2606246205143004,0.017931576721995707
SRP,5,2,0.3181362869569709,0.025528779084475567
SRP,5,3,0.229196515857084,0.009489527262198072
SRP,5,4,0.22696269985044282,0.015558608825829495
SRP,5,5,0.23875236860733623,0.009713007931910867
SRP,5,6,0.23748932039708845,0.018363451909533167
SRP,5,7,0.2454637597951795,0.019500027356555018
SRP,5,8,0.26233415666583054,0.01840619292525092
PCA_full,6,2,0.26801820099911255,0.019474445398443705
PCA_full,6,3,0.22485052165392413,0.008255075755247431
PCA_full,6,4,0.2322189143672595,0.007300646742769693
PCA_full,6,5,0.24178847243788754,0.01007350197182392
PCA_full,6,6,0.2428066677963587,0.01007350197182392
PCA_full,6,7,0.2618147643577948,0.01007350197182392
PCA_full,6,8,0.29216772407793334,0.011040688331893084
PCA_randomized,6,2,0.268013671404113,0.01951201925652275
PCA_randomized,6,3,0.22484015955902933,0.008252433439102789
PCA_randomized,6,4,0.233563900210293,0.00729842008870366
PCA_randomized,6,5,0.24177825817384335,0.010070171898987772
PCA_randomized,6,6,0.24280040276467377,0.010070171898987772
PCA_randomized,6,7,0.26181907184199366,0.010070171898987772
PCA_randomized,6,8,0.2921691130691772,0.011036929390882607
GRP,6,2,0.25493911543181386,0.009726326241222808
GRP,6,3,0.24905323652886052,0.009263028825682255
GRP,6,4,0.2555627076740152,0.01311110987803163
GRP,6,5,0.267731162502143,0.01311110987803163
GRP,6,6,0.22739670290661387,0.009073134676696636
GRP,6,7,0.22232905926606125,0.0130594368300931
GRP,6,8,0.22855369304278783,0.01649254912437342
SRP,6,2,0.25840606205077116,0.01710651659309114
SRP,6,3,0.24684170454794924,0.018495909887131103
SRP,6,4,0.22148580695302283,0.010328749871365546
SRP,6,5,0.22664363262235895,0.012229867610805087
SRP,6,6,0.22427578659769942,0.02728490068635292
SRP,6,7,0.2276053421232193,0.024751689941910154
SRP,6,8,0.20944001709203497,0.038871591271347636
PCA_full,7,2,0.25351478489039436,0.018113870110933763
PCA_full,7,3,0.19640196971374477,0.008404232555271517
PCA_full,7,4,0.21444699600856187,0.007589391663079396
PCA_full,7,5,0.22295192217633542,0.008329934675359538
PCA_full,7,6,0.23359952558201472,0.009685811029777149
PCA_full,7,7,0.24066857472579495,0.009918881196457474
PCA_full,7,8,0.26978888706124926,0.00979919193972972
PCA_randomized,7,2,0.2535260713042356,0.018127140976139808
PCA_randomized,7,3,0.22122944660786575,0.021914310293776145
PCA_randomized,7,4,0.2144696963918399,0.007590299428081938
PCA_randomized,7,5,0.2229730805573439,0.00832995324676275
PCA_randomized,7,6,0.23368740941822716,0.009686629181604633
PCA_randomized,7,7,0.24059619111187047,0.009918775828027429
PCA_randomized,7,8,0.27176335935757334,0.009686629181604633
GRP,7,2,0.22108138776812727,0.009758291455645106
GRP,7,3,0.23368886103490763,0.01085966001229561
GRP,7,4,0.24705982699383897,0.013218700807299883
GRP,7,5,0.2335790206824984,0.013219859138449317
GRP,7,6,0.21615797595320851,0.009458929896842674
GRP,7,7,0.22037518371551668,0.0191024031334059
GRP,7,8,0.220011982577241,0.018328362492591038
SRP,7,2,0.2282813649797505,0.01694342071912751
SRP,7,3,0.22143734210163232,0.015671915814213993
SRP,7,4,0.19016250730683745,0.02294551644398168
SRP,7,5,0.21389860359357898,0.017594997311782212
SRP,7,6,0.2160488541301597,0.015849001059100885
SRP,7,7,0.19705792697060498,0.012595689484808123
SRP,7,8,0.2001841295619647,0.017039826853305167
PCA_full,8,2,0.24806736427195095,0.017097700359863053
PCA_full,8,3,0.1707539779434435,0.007894195687875208
PCA_full,8,4,0.20025940075197612,0.00742850555501957
PCA_full,8,5,0.21063037956041172,0.00792037321293236
PCA_full,8,6,0.22109741987629883,0.008969846190560205
PCA_full,8,7,0.22416316224051158,0.02272304736587342
PCA_full,8,8,0.24211589910933315,0.02218360890744458
PCA_randomized,8,2,0.2480602318902777,0.01707468831868681
PCA_randomized,8,3,0.17076351648984198,0.007899298165468862
PCA_randomized,8,4,0.20029741559762795,0.007432510104668092
PCA_randomized,8,5,0.2106620170305757,0.007925349969078415
PCA_randomized,8,6,0.22112527957203976,0.00897508141888032
PCA_randomized,8,7,0.22416752311583085,0.022724500500121748
PCA_randomized,8,8,0.2361903554276965,0.023076394561621853
GRP,8,2,0.22665501100484042,0.012873060946330806
GRP,8,3,0.22452278122411465,0.009014961766350593
GRP,8,4,0.23253085364484485,0.01248398294742729
GRP,8,5,0.2101896546860127,0.020528624300209092
GRP,8,6,0.22400614177277933,0.019640104384150453
GRP,8,7,0.22698130065514796,0.020528624300209092
GRP,8,8,0.2368892224915158,0.02327668007880729
SRP,8,2,0.2827244672388831,0.02447676985339488
SRP,8,3,0.26158266534803604,0.029968166772882724
SRP,8,4,0.19657647115433988,0.023247679183422534
SRP,8,5,0.17692905513937296,0.011760213862109414
SRP,8,6,0.18568707277485622,0.011669481480388228
SRP,8,7,0.17841026210316493,0.02570324097673466
SRP,8,8,0.1819820183134579,0.020182604595311973
PCA_full,9,2,0.24238360081471186,0.01703746368223594
PCA_full,9,3,0.1968651605430997,0.021478603709827772
PCA_full,9,4,0.19218837515937057,0.0074143278733441245
PCA_full,9,5,0.20319243873106188,0.016893234656812764
PCA_full,9,6,0.1948451580582075,0.008110633832396116
PCA_full,9,7,0.2250515781606371,0.00803996149581052
PCA_full,9,8,0.23256241807110573,0.008110633832396116
PCA_randomized,9,2,0.24238357771455762,0.017037468026164442
PCA_randomized,9,3,0.19686498518923962,0.021478595473963177
PCA_randomized,9,4,0.19218827804476946,0.007414349826358375
PCA_randomized,9,5,0.20319227936582082,0.016893120137099617
PCA_randomized,9,6,0.19484509910822964,0.008110655413068163
PCA_randomized,9,7,0.22505156630749207,0.008039981740171797
PCA_randomized,9,8,0.2325623618964713,0.008110655413068163
GRP,9,2,0.2231107359524372,0.008947681114216668
GRP,9,3,0.21630793402978496,0.00858792035090992
GRP,9,4,0.22406958397610027,0.010553211645450618
GRP,9,5,0.229699364461109,0.014068484383345134
GRP,9,6,0.24447027950043285,0.01582465332286773
GRP,9,7,0.23135425020758923,0.02563016918258242
GRP,9,8,0.21962862487484236,0.011374477667242838
SRP,9,2,0.34235094840544916,0.03033255660352816
SRP,9,3,0.24691144432823697,0.03033255660352816
SRP,9,4,0.24312021690702604,0.03269047125856618
SRP,9,5,0.19365385296237264,0.0249960762624504
SRP,9,6,0.2075140896157383,0.0249960762624504
SRP,9,7,0.20793093114594596,0.017409887091880284
SRP,9,8,0.18130602073565222,0.026875321730979868
PCA_full,10,2,0.2344904945972037,0.016044723220830077
PCA_full,10,3,0.1821970309307352,0.021812205571666674
PCA_full,10,4,0.18323005946821877,0.007363145186551527
PCA_full,10,5,0.19451292217898594,0.01580086284255284
PCA_full,10,6,0.19703733366277112,0.007808152933563226
PCA_full,10,7,0.2242807451852112,0.0061741786527272705
PCA_full,10,8,0.217506867961709,0.018170807736888613
PCA_randomized,10,2,0.23449049459325855,0.016044723215312605
PCA_randomized,10,3,0.18219703091268952,0.021812205578462602
PCA_randomized,10,4,0.18323005946769183,0.007363145189505078
PCA_randomized,10,5,0.1945129221819304,0.015800862837458976
PCA_randomized,10,6,0.19703733366498932,0.007808152931117826
PCA_randomized,10,7,0.2242807451904188,0.00617417865302223
PCA_randomized,10,8,0.21750686796723168,0.018170807736877556
GRP,10,2,0.24986754503697542,0.008891914870397845
GRP,10,3,0.23540534992443993,0.008986509546964913
GRP,10,4,0.23791022893444738,0.010227209965245825
GRP,10,5,0.23587450206974037,0.010242196970782848
GRP,10,6,0.20608887951405286,0.01584871131278179
GRP,10,7,0.21620276468679964,0.015415204357997064
GRP,10,8,0.2374542193152993,0.016913240805224525
SRP,10,2,0.35914248673027155,0.033946372201489175
SRP,10,3,0.18945661200197836,0.01579568114813824
SRP,10,4,0.18025413866424028,0.014033743781998374
SRP,10,5,0.19211892654121424,0.020638955242200323
SRP,10,6,0.1719947695116398,0.027001175845379994
SRP,10,7,0.179099833636951,0.015140865547896405
SRP,10,8,0.18468101418600996,0.013830786866306658
PCA_full,11,2,0.22662847811712594,0.022542566501601403
PCA_full,11,3,0.17257018217086573,0.007468580085741432
PCA_full,11,4,0.17267437566560873,0.007351617419265924
PCA_full,11,5,0.18216788983964058,0.01575588590830699
PCA_full,11,6,0.19151574039932276,0.006656713391416699
PCA_full,11,7,0.18768489561401455,0.016047139058241025
PCA_full,11,8,0.19872609063928312,0.0188813356145333
PCA_randomized,11,2,0.22662847811712572,0.0225425665016015
PCA_randomized,11,3,0.1725701821708657,0.007468580085741535
PCA_randomized,11,4,0.17267437566560878,0.0073516174192660285
PCA_randomized,11,5,0.18216788983964052,0.015755885908307007
PCA_randomized,11,6,0.1915157403993228,0.006656713391416898
PCA_randomized,11,7,0.1876848956140145,0.016047139058241046
PCA_randomized,11,8,0.1987260906392831,0.018881335614533278
GRP,11,2,0.2529049934209368,0.008509924559916542
GRP,11,3,0.24102941029528296,0.00806726482559632
GRP,11,4,0.23655168788103215,0.009851861781777198
GRP,11,5,0.24418041450391667,0.013864227039110442
GRP,11,6,0.20910495897213585,0.015523808291858801
GRP,11,7,0.2136343413041342,0.02218731904398166
GRP,11,8,0.22640303905145906,0.025641331983021983
SRP,11,2,0.1645075123984379,0.021452408867686637
SRP,11,3,0.1778480266856854,0.0171619905363507
SRP,11,4,0.1867179854783765,0.014335388699487507
SRP,11,5,0.15622984212385077,0.014335388699487507
SRP,11,6,0.17824719856632326,0.020766633779210855
SRP,11,7,0.17584841265931905,0.022331966036922498
SRP,11,8,0.18307324803215566,0.031366800086217984
PCA_full,12,2,0.21725031621640897,0.022622477555747377
PCA_full,12,3,0.17446312787102825,0.025455722806244623
PCA_full,12,4,0.17742397613615749,0.017248666845602518
PCA_full,12,5,0.18002613505290338,0.017993598338077878
PCA_full,12,6,0.16883396637957626,0.02140768976788886
PCA_full,12,7,0.18226807710288806,0.02140768976788886
PCA_full,12,8,0.20886454635696722,0.020853284812303058
PCA_randomized,12,2,0.21725031621640883,0.02262247755574736
PCA_randomized,12,3,0.17446312787102844,0.025455722806244648
PCA_randomized,12,4,0.1774239761361576,0.017248666845602702
PCA_randomized,12,5,0.18002613505290352,0.017993598338077888
PCA_randomized,12,6,0.16883396637957626,0.02140768976788871
PCA_randomized,12,7,0.1822680771028881,0.02140768976788871
PCA_randomized,12,8,0.20886454635696722,0.02085328481230307
GRP,12,2,0.245476422813071,0.00890151016581943
GRP,12,3,0.2254090017888766,0.009235557715736373
GRP,12,4,0.2233937405927761,0.009981007029711485
GRP,12,5,0.21970709157807966,0.009888539224956526
GRP,12,6,0.22806548163402646,0.01306607546528803
GRP,12,7,0.20198756634392218,0.013941903837008189
GRP,12,8,0.21378245087879516,0.01636272926850932
SRP,12,2,0.1950706829295377,0.023491386731443433
SRP,12,3,0.18000015876867226,0.02459177688734868
SRP,12,4,0.16684950628301307,0.02456978195057518
SRP,12,5,0.17828517200695707,0.012241492400361053
SRP,12,6,0.18582547036095073,0.01934263176992318
SRP,12,7,0.18717413493366875,0.02078874119410506
SRP,12,8,0.1844587868559824,0.011714296159389095
PCA_full,13,2,0.2136033178445154,0.022975342826141158
PCA_full,13,3,0.1722504172239089,0.02662461993420863
PCA_full,13,4,0.1829484261372618,0.020508755037658987
PCA_full,13,5,0.15647435189419848,0.021058884629066712
PCA_full,13,6,0.17691079663199863,0.023566829942072494
PCA_full,13,7,0.17908144271062726,0.02163801331649756
PCA_full,13,8,0.19222044159700902,0.026786646385925542
PCA_randomized,13,2,0.21360331784451553,0.0229753428261413
PCA_randomized,13,3,0.1722504172239092,0.026624619934208702
PCA_randomized,13,4,0.18294842613726212,0.02050875503765903
PCA_randomized,13,5,0.15647435189419864,0.021058884629066757
PCA_randomized,13,6,0.17691079663199896,0.023566829942072515
PCA_randomized,13,7,0.17908144271062743,0.021638013316497604
PCA_randomized,13,8,0.19222044159700907,0.026786646385925615
GRP,13,2,0.23196007408789826,0.014241590247400111
GRP,13,3,0.19998674429198812,0.013980831523354645
GRP,13,4,0.2106668763055913,0.009024733088567466
GRP,13,5,0.20949760708103765,0.012619365341041142
GRP,13,6,0.22543149024536338,0.023000353109766728
GRP,13,7,0.23101276886222263,0.023000353109766728
GRP,13,8,0.21588831673975586,0.015878452461994205
SRP,13,2,0.18095881336444672,0.020238572803362404
SRP,13,3,0.19029067552478487,0.020236501598832536
SRP,13,4,0.18764422613000376,0.012562704072088223
SRP,13,5,0.18338588182487778,0.020606543832593003
SRP,13,6,0.15493967722809918,0.026910690294171133
SRP,13,7,0.1665133556550304,0.013415029208176592
SRP,13,8,0.15991157326514954,0.01652186255244858
PCA_full,14,2,0.206505540221661,0.015015645454166086
PCA_full,14,3,0.1686791501657081,0.026598123336157554
PCA_full,14,4,0.15453915480984262,0.01663069103733684
PCA_full,14,5,0.17289671138202717,0.018778714182087555
PCA_full,14,6,0.15481845285623766,0.018900764291475157
PCA_full,14,7,0.18762552796202953,0.012088900178044372
PCA_full,14,8,0.1915980872670003,0.02501620452328213
PCA_randomized,14,2,0.2065055402216608,0.015015645454166093
PCA_randomized,14,3,0.1686791501657081,0.02659812333615752
PCA_randomized,14,4,0.15453915480984273,0.016630691037337022
PCA_randomized,14,5,0.17289671138202722,0.018778714182087555
PCA_randomized,14,6,0.1548184528562376,0.01890076429147516
PCA_randomized,14,7,0.1876255279620295,0.012088900178044223
PCA_randomized,14,8,0.1915980872670003,0.025016204523282112
GRP,14,2,0.23636938097575305,0.013535632396133309
GRP,14,3,0.19704253151312626,0.015416306629642988
GRP,14,4,0.20507418495566687,0.010480039643253681
GRP,14,5,0.212855222016997,0.012573275247918896
GRP,14,6,0.21737602938949036,0.023184438317336093
GRP,14,7,0.22369861210907918,0.024881038984201288
GRP,14,8,0.21348928238111547,0.029538064748290592
SRP,14,2,0.28676224159937924,0.028180410386203194
SRP,14,3,0.2052023797566567,0.02287078209957419
SRP,14,4,0.21355099469153535,0.024426189365419952
SRP,14,5,0.17776049958541332,0.022263385932280194
SRP,14,6,0.19005914515352051,0.02233003500570598
SRP,14,7,0.20184668289156454,0.016297490578739162
SRP,14,8,0.20804751526654552,0.02233003500570598
PCA_full,15,2,0.20179312962819915,0.015488098254380994
PCA_full,15,3,0.16320303474375825,0.025767685338861795
PCA_full,15,4,0.151856918492977,0.024863789878896796
PCA_full,15,5,0.15567537995437722,0.024863789878896796
PCA_full,15,6,0.16770418015515046,0.024863789878896796
PCA_full,15,7,0.17382019573578006,0.022813554748191422
PCA_full,15,8,0.17027158617890972,0.019025576274166876
PCA_randomized,15,2,0.20179312962819917,0.015488098254381126
PCA_randomized,15,3,0.16320303474375822,0.025767685338861604
PCA_randomized,15,4,0.15185691849297703,0.024863789878896935
PCA_randomized,15,5,0.15567537995437727,0.024863789878896935
PCA_randomized,15,6,0.1677041801551505,0.024863789878896935
PCA_randomized,15,7,0.17382019573578014,0.02281355474819155
PCA_randomized,15,8,0.17027158617890986,0.019025576274166858
GRP,15,2,0.23195546946365334,0.01349510742818508
GRP,15,3,0.19431844218597213,0.014886328306203955
GRP,15,4,0.19938139505545627,0.00894147192706002
GRP,15,5,0.2054880510693376,0.012560629732774003
GRP,15,6,0.21154463451578112,0.02062722241145818
GRP,15,7,0.22474183796274028,0.022415108175784425
GRP,15,8,0.20061584064589102,0.022338005260081787
SRP,15,2,0.35526711245617265,0.03430022868166094
SRP,15,3,0.2378831009505655,0.01182515651443668
SRP,15,4,0.24289266435642656,0.01182515651443668
SRP,15,5,0.21701529245546533,0.01194324301132053
SRP,15,6,0.20541046101325608,0.011847182833066513
SRP,15,7,0.20710243626260094,0.03519466110263008
SRP,15,8,0.19354728543063532,0.029343921069928714
